Workbook

Sheet ABOUT

Sheet Expt 3 Results
A1: Benchmarking Experiment 3 Results
A3: megabasin | B3: id | C3: lat | D3: lng | E3: name | F3: area_reported | G3: lat_snap | H3: lng_snap | I3: snap_dist | J3: area_calc | K3: time delineator | L3: time pysheds | M3: time TauDEM | P3: Figure for paper:
A4: 23 | B4: 6604635 | C4: 56.359728 | D4: -4.0014425 | E4: Ruchill, Water of Cultybraggan | F4: 100 | G4: 56.359 | H4: -4.002 | I4: 64 | J4: 100.9 | K4: 0.14 | L4: 19.784281 | M4: 43.5
A5: 23 | B5: 6140700 | C5: 50.0651 | D5: 16.5404 | E5: Divoka Orlice Nekor | F5: 182 | G5: 50.065 | H5: 16.541 | I5: 33 | J5: 182.7 | K5: 0.34 | L5: 14.429161 | M5: 53 | Q5: Basin | R5: Region | S5: No. pixels (in billions) | T5: Raster GeoTiff file size (MB)
A6: 23 | B6: 6125620 | C6: 44.398157 | D6: 2.845471 | E6: Aveyron Palmas (Pont de Manson) | F6: 270 | G6: 44.398 | H6: 2.847 | I6: 97 | J6: 296.2 | K6: 0.14 | L6: 14.586338 | M6: 52.4 | P6: ○ | Q6: 62 | R6: Amazon | S6: 1.76 | T6: 399
A7: 23 | B7: 6606900 | C7: 52.382871 | D7: 1.2739111 | E7: Waveney, River Needham Mill | F7: 370 | G7: 52.383 | H7: 1.274 | I7: 54 | J7: 375.3 | K7: 0.18 | L7: 13.891451 | M7: 48.5 | P7: △ | Q7: 23 | R7: W. Europe | S7: 1.51 | T7: 134
A8: 23 | B8: 6136520 | C8: 48.981897 | D8: 7.010775 | E8: Albe Sarralbe (Rech) | F8: 407 | G8: 48.983 | H8: 7.011 | I8: 67 | J8: 404.4 | K8: 0.17 | L8: 13.941043 | M8: 46.6 | P8: □ | Q8: 27 | R8: Iceland | S8: 0.43 | T8: 9
A9: 23 | B9: 6335675 | C9: 48.959297 | D9: 9.261206 | E9: Murr Murr | F9: 506 | G9: 48.959 | H9: 9.261 | I9: 31 | J9: 504.7 | K9: 0.16 | L9: 13.677724 | M9: 47.9 | AD9: Copy of figure (a) at left, in log-log scale
A10: 23 | B10: 6935540 | C10: 46.9746 | D10: 9.6121 | E10: Landquart Felsenbach | F10: 616 | G10: 46.974 | H10: 9.612 | I10: 57 | J10: 617.9 | K10: 0.16 | L10: 13.535431 | M10: 44.7
A11: 23 | B11: 6220162 | C11: 50.762011 | D11: 3.867336 | E11: Dendre Overboerlare | F11: 785 | G11: 50.762 | H11: 3.867 | I11: 40 | J11: 798 | K11: 0.2 | L11: 13.364894 | M11: 48.7
A12: 23 | B12: 6607150 | C12: 50.995469 | D12: -3.9850413 | E12: Taw, River Umberleigh | F12: 826 | G12: 50.995 | H12: -3.985 | I12: 52 | J12: 832.5 | K12: 0.24 | L12: 14.07 | M12: 42.8
A13: 23 | B13: 6118230 | C13: 49.863055 | D13: 1.184846 | E13: Bethune Saint-Aubin-Le-Cauf | F13: 946 | G13: 49.864 | H13: 1.185 | I13: 120 | J13: 306.5 | K13: 0.3 | L13: 13.236284 | M13: 49.6
A14: 23 | B14: 6607500 | C14: 50.763897 | D14: -1.8420939 | E14: Stour, River Throop Mill | F14: 1073 | G14: 50.763 | H14: -1.842 | I14: 70 | J14: 1071.6 | K14: 0.21 | L14: 13.660857 | M14: 47.4
A15: 23 | B15: 6337504 | C15: 51.155679 | D15: 8.898182 | E15: Eder Schmittlotheim | F15: 1202 | G15: 51.155 | H15: 8.898 | I15: 76 | J15: 1204.6 | K15: 0.24 | L15: 14.87 | M15: 39.3
A16: 23 | B16: 6503501 | C16: 52.144604 | D16: -8.51627 | E16: Blackwater, River Killavullen | F16: 1257 | G16: 52.148 | H16: -8.518 | I16: 440 | J16: 1251.1 | K16: 0.26 | L16: 14.192711 | M16: 48.6
A17: 23 | B17: 6335681 | C17: 49.268549 | D17: 9.219941 | E17: Jagst Untergriesheim | F17: 1825 | G17: 49.269 | H17: 9.22 | I17: 69 | J17: 1824 | K17: 0.24 | L17: 14.02237 | M17: 46.7
A18: 23 | B18: 6338161 | C18: 52.682624 | D18: 7.602417 | E18: Hase Herzlake | F18: 2218 | G18: 52.682 | H18: 7.602 | I18: 15 | J18: 2255.5 | K18: 0.2 | L18: 13.786033 | M18: 48.2
A19: 23 | B19: 6140300 | C19: 49.3165 | D19: 14.1435 | E19: Otava Pisek | F19: 2914 | G19: 49.316 | H19: 14.144 | I19: 89 | J19: 2859.5 | K19: 0.21 | L19: 13.536462 | M19: 47
A20: 23 | B20: 6335030 | C20: 51.39975 | D20: 7.161034 | E20: Ruhr Hattingen | F20: 4078 | G20: 51.399 | H20: 7.162 | I20: 78 | J20: 4123 | K20: 0.28 | L20: 13.894389 | M20: 45.8
A21: 23 | B21: 6118800 | C21: 50.1 | D21: 1.83 | E21: Somme R. at Abbeville, FR | F21: 5560 | G21: 50.099 | H21: 1.831 | I21: 110 | J21: 5679.7 | K21: 0.27 | L21: 16.12 | M21: 42.1
... A35: 27 | B35: 6401160 | C35: 64.75281 | D35: -14.48605 | E35: Fossa River at Eyjolfsstadir | F35: 115 | G35: 64.752 | H35: -14.486 | I35: 36 | J35: 106.5 | K35: 0.19 | L35: 3.61 | M35: 10.6
A36: 27 | B36: 6401300 | C36: 66.06976 | D36: -21.75298 | E36: Hvala River at Op | F36: 193 | G36: 66.069 | H36: -21.752 | I36: 89 | J36: 207.3 | K36: 0.19 | L36: 3.63 | M36: 14.4 | AD36: Extra figure, not for inclusion in the paper.
A37: 27 | B37: 6401500 | C37: 63.9509 | D37: -17.63609 | E37: Djupa River at Djupa Bru | F37: 226 | G37: 63.952 | H37: -17.637 | I37: 90 | J37: 641.4 | K37: 0.29 | L37: 3.58 | M37: 11.9 | AD37: delineator speed varies with watershed size, but the raster file size does not appear to have any impact.
A38: 27 | B38: 6401460 | C38: 66.19809 | D38: -15.59652 | E38: Sanda River at Flogubru I | F38: 266 | G38: 66.197 | H38: -15.596 | I38: 73 | J38: 267.1 | K38: 0.22 | L38: 3.58 | M38: 11.7
A39: 27 | B39: 6401601 | C39: 65.49459 | D39: -19.384 | E39: Svarta River at Reykjafoss | F39: 396 | G39: 65.494 | H39: -19.383 | I39: 56 | J39: 388.6 | K39: 0.21 | L39: 3.6 | M39: 12.4
A40: 27 | B40: 6401140 | C40: 63.79723 | D40: -20.11284 | E40: Eystri-Ranga River at Tungufoss | F40: 419 | G40: 63.798 | H40: -20.113 | I40: 34 | J40: 510.2 | K40: 0.21 | L40: 3.64 | M40: 10.6
A41: 27 | B41: 6401250 | C41: 65.30184 | D41: -20.10668 | E41: Vatnsdalsa River at Forsaeludalur | F41: 458 | G41: 65.302 | H41: -20.107 | I41: 19 | J41: 465.8 | K41: 0.21 | L41: 3.58 | M41: 13.6
A42: 27 | B42: 6401070 | C42: 64.71072 | D42: -21.60337 | E42: Nordhura River at Stekkur | F42: 507 | G42: 64.71 | H42: -21.601 | I42: 150 | J42: 493 | K42: 0.2 | L42: 4.79 | M42: 11.1
A43: 27 | B43: 6401440 | C43: 63.78048 | D43: -19.4171 | E43: Markarfljot River at Emstrur | F43: 517 | G43: 63.781 | H43: -19.416 | I43: 74 | J43: 574.5 | K43: 0.21 | L43: 3.64 | M43: 11.5
A44: 27 | B44: 6401150 | C44: 63.86324 | D44: -20.34065 | E44: Ytri-Ranga River at Arbaejarfoss | F44: 621 | G44: 63.863 | H44: -20.34 | I44: 34 | J44: 563.1 | K44: 0.22 | L44: 3.55 | M44: 10.7
A45: 27 | B45: 6401111 | C45: 64.1601 | D45: -20.55913 | E45: Bruara River at Dynjandi | F45: 640 | G45: 64.16 | H45: -20.559 | I45: 11 | J45: 704.1 | K45: 0.24 | L45: 3.61 | M45: 11.1
A46: 27 | B46: 6401200 | C46: 65.3297 | D46: -19.08525 | E46: Vestri-Jokulsa River at Godhdala Bru | F46: 844 | G46: 65.329 | H46: -19.085 | I46: 61 | J46: 871.4 | K46: 0.25 | L46: 3.64 | M46: 11.5
A47: 27 | B47: 6401400 | C47: 65.8507 | D47: -17.89667 | E47: Fnjoska River at Arbugsa | F47: 1102 | G47: 65.85 | H47: -17.897 | I47: 78 | J47: 1126.9 | K47: 0.22 | L47: 3.57 | M47: 11.6
A48: 27 | B48: 6401080 | C48: 64.69229 | D48: -21.41046 | E48: Hvita River at Kljafoss | F48: 1574 | G48: 64.692 | H48: -21.409 | I48: 66 | J48: 1718.7 | K48: 0.26 | L48: 3.62 | M48: 10.8
A49: 27 | B49: 6401240 | C49: 65.49006 | D49: -20.11284 | E49: Blanda River at Langamyri | F49: 1699 | G49: 65.524 | H49: -20.093 | I49: 3900 | J49: 126.4 | K49: 0.18 | L49: 3.51 | M49: 11.8
... A85: 62 | B85: 9 | C85: -0.437 | D85: -50.738 | E85: Amazon at Most Downstream Location Available | F85: 6000000 | G85: -0.437 | H85: -50.738 | I85: 78 | J85: 5904942.9 | K85: 12.12 | L85: 108.36 | M85: 120

Sheet Expt 4 Results
A1: Benchmarking Experient 4 Results
K2: Delineation time in seconds: | O2: This experiment is for watersheds of around 10 million pixels
A3: id | B3: lat | C3: lng | D3: basin | E3: Flow Direction raster width | F3: height | G3: Total number of grid pixels (billions) | H3: output watershed area, pysheds | I3: output watershed area, TauDEM | J3: output watershed area, delineator | K3: pysheds | L3: TauDEM | M3: delineator | O3: Figure for paper is on previous worksheet. Alternative version with semi-log axes:
A4: 811 | B4: -7.8541667 | C4: 37.4525 | D4: 11 | E4: =VLOOKUP(D4,fdir_metadata!$A$4:$E$64,2,FALSE) -> 30000 | F4: =VLOOKUP(D4,fdir_metadata!$A$4:$E$64,3,FALSE) -> 66000 | G4: =E4*F4/1000000000 -> 1.98 | H4: 84859.851 | I4: 84859.9 | J4: 84859.9 | K4: 33.94 | L4: 66.6 | M4: 0.77
A5: 812 | B5: -23.4975 | C5: 27.226667 | D5: 12 | E5: =VLOOKUP(D5,fdir_metadata!$A$4:$E$64,2,FALSE) -> 36000 | F5: =VLOOKUP(D5,fdir_metadata!$A$4:$E$64,3,FALSE) -> 36000 | G5: =E5*F5/1000000000 -> 1.296 | H5: 77929.943 | I5: 77929.9 | J5: 77929.9 | K5: 16.17 | L5: 35.6 | M5: 0.46
A6: 813 | B6: 1.6825 | C6: 26.725833 | D6: 13 | E6: =VLOOKUP(D6,fdir_metadata!$A$4:$E$64,2,FALSE) -> 36000 | F6: =VLOOKUP(D6,fdir_metadata!$A$4:$E$64,3,FALSE) -> 36000 | G6: =E6*F6/1000000000 -> 1.296 | H6: 85497.208 | I6: 85497.2 | J6: 85497.2 | K6: 16.74 | L6: 37.3 | M6: 0.77
A7: 814 | B7: 10.9925 | C7: -2.835 | D7: 14 | E7: =VLOOKUP(D7,fdir_metadata!$A$4:$E$64,2,FALSE) -> 48000 | F7: =VLOOKUP(D7,fdir_metadata!$A$4:$E$64,3,FALSE) -> 30000 | G7: =E7*F7/1000000000 -> 1.44 | H7: 83527.204 | I7: 83527.2 | J7: 83527.2 | K7: 19.05 | L7: 42 | M7: 0.51
A8: 815 | B8: 33.321667 | C8: 6.07 | D8: 15 | E8: =VLOOKUP(D8,fdir_metadata!$A$4:$E$64,2,FALSE) -> 66000 | F8: =VLOOKUP(D8,fdir_metadata!$A$4:$E$64,3,FALSE) -> 36000 | G8: =E8*F8/1000000000 -> 2.376 | H8: 74328.782 | I8: 74328.8 | J8: 74328.8 | K8: 47.18 | L8: 68.4 | M8: 1.07
A9: 816 | B9: 17.033333 | C9: 18.673333 | D9: 16 | E9: =VLOOKUP(D9,fdir_metadata!$A$4:$E$64,2,FALSE) -> 24000 | F9: =VLOOKUP(D9,fdir_metadata!$A$4:$E$64,3,FALSE) -> 30000 | G9: =E9*F9/1000000000 -> 0.72 | H9: 82159.976 | I9: 82160 | J9: 82160 | K9: 8.43 | L9: 21 | M9: 0.81
A10: 817 | B10: 10.019167 | C10: 37.479167 | D10: 17 | E10: =VLOOKUP(D10,fdir_metadata!$A$4:$E$64,2,FALSE) -> 24000 | F10: =VLOOKUP(D10,fdir_metadata!$A$4:$E$64,3,FALSE) -> 48000 | G10: =E10*F10/1000000000 -> 1.152 | H10: 84290.437 | I10: 84290.4 | J10: 84290.4 | K10: 12.28 | L10: 34.4 | M10: 0.48
A11: 821 | B11: 45.048333 | C11: 10.6725 | D11: 21 | E11: =VLOOKUP(D11,fdir_metadata!$A$4:$E$64,2,FALSE) -> 60000 | F11: =VLOOKUP(D11,fdir_metadata!$A$4:$E$64,3,FALSE) -> 30000 | G11: =E11*F11/1000000000 -> 1.8 | H11: 62258.519 | I11: 62258.5 | J11: 62258.5 | K11: 28.53 | L11: 51.4 | M11: 0.56
A12: 822 | B12: 41.113333 | C12: 34.64 | D12: 22 | E12: =VLOOKUP(D12,fdir_metadata!$A$4:$E$64,2,FALSE) -> 54000 | F12: =VLOOKUP(D12,fdir_metadata!$A$4:$E$64,3,FALSE) -> 30000 | G12: =E12*F12/1000000000 -> 1.62 | H12: 66114.492 | I12: 66114.5 | J12: 66114.5 | K12: 22.28 | L12: 47.4 | M12: 0.66
A13: 823 | B13: 37.239167 | C13: -7.42 | D13: 23 | E13: =VLOOKUP(D13,fdir_metadata!$A$4:$E$64,2,FALSE) -> 42000 | F13: =VLOOKUP(D13,fdir_metadata!$A$4:$E$64,3,FALSE) -> 36000 | G13: =E13*F13/1000000000 -> 1.512 | H13: 66969.323 | I13: 66969.3 | J13: 66969.3 | K13: 19.58 | L13: 41.8 | M13: 0.7
A14: 824 | B14: 52.726667 | C14: 15.233333 | D14: 24 | E14: =VLOOKUP(D14,fdir_metadata!$A$4:$E$64,2,FALSE) -> 42000 | F14: =VLOOKUP(D14,fdir_metadata!$A$4:$E$64,3,FALSE) -> 30000 | G14: =E14*F14/1000000000 -> 1.26 | H14: 52781.943 | I14: 52781.9 | J14: 52781.9 | K14: 12.6 | L14: 33.8 | M14: 0.8
A15: 825 | B15: 59.4425 | C15: 11.209167 | D15: 25 | E15: =VLOOKUP(D15,fdir_metadata!$A$4:$E$64,2,FALSE) -> 54000 | F15: =VLOOKUP(D15,fdir_metadata!$A$4:$E$64,3,FALSE) -> 36000 | G15: =E15*F15/1000000000 -> 1.944 | H15: 41486.668 | I15: 41486.7 | J15: 41486.7 | K15: 26.59 | L15: 54.5 | M15: 0.77
... A49: 885 | B49: 66.45 | C49: -70.936667 | D49: 85 | E49: =VLOOKUP(D49,fdir_metadata!$A$4:$E$64,2,FALSE) -> 42000 | F49: =VLOOKUP(D49,fdir_metadata!$A$4:$E$64,3,FALSE) -> 18000 | G49: =E49*F49/1000000000 -> 0.756 | H49: 49174.052 | I49: 49174.1 | J49: 49174.1 | K49: 8.81 | L49: 21.3 | M49: 0.73

Sheet Pivot Table Summary
A1: area_reported | B1: (All)
A3: Average of time pysheds | B3: Average of time TauDEM | C3: Average of time delineator
A4: 20.588032 | B4: 41.917073 | C4: 0.99109756

Sheet fdir_metadata
A1: MERIT-Hydro flow direction raster metadata
A3: basin | B3: Width | C3: Height | D3: Total Pixels (billions) | E3: File Size (MB) of the compressed GeoTiff
A4: 11 | B4: 30000 | C4: 66000 | D4: =B4*C4/1000000000 -> 1.98 | E4: 240.4109
A5: 12 | B5: 36000 | C5: 36000 | D5: =B5*C5/1000000000 -> 1.296 | E5: 247.83099
A6: 13 | B6: 36000 | C6: 36000 | D6: =B6*C6/1000000000 -> 1.296 | E6: 296.18257
A7: 14 | B7: 48000 | C7: 30000 | D7: =B7*C7/1000000000 -> 1.44 | E7: 259.07274
A8: 15 | B8: 66000 | C8: 36000 | D8: =B8*C8/1000000000 -> 2.376 | E8: 460.77758
A9: 16 | B9: 24000 | C9: 30000 | D9: =B9*C9/1000000000 -> 0.72 | E9: 211.41191
A10: 17 | B10: 24000 | C10: 48000 | D10: =B10*C10/1000000000 -> 1.152 | E10: 275.46251
A11: 18 | B11: 18000 | C11: 30000 | D11: =B11*C11/1000000000 -> 0.54 | E11: 28.345918
A12: 21 | B12: 60000 | C12: 30000 | D12: =B12*C12/1000000000 -> 1.8 | E12: 180.77104
A13: 22 | B13: 54000 | C13: 30000 | D13: =B13*C13/1000000000 -> 1.62 | E13: 279.45607
A14: 23 | B14: 42000 | C14: 36000 | D14: =B14*C14/1000000000 -> 1.512 | E14: 134.42824
A15: 24 | B15: 42000 | C15: 30000 | D15: =B15*C15/1000000000 -> 1.26 | E15: 248.08309
... A64: 91 | B64: 78000 | C64: 36000 | D64: =B64*C64/1000000000 -> 2.808 | E64: 194.66664
